onset	duration	trial_type	value	sample
4.5	1.0	NonTarget	1	1152
4.625	1.0	Target	2	1184
4.75	1.0	NonTarget	1	1216
4.875	1.0	NonTarget	1	1248
5.0	1.0	Target	2	1280
5.125	1.0	NonTarget	1	1312
5.25	1.0	NonTarget	1	1344
5.375	1.0	Target	2	1376
5.5	1.0	NonTarget	1	1408
5.625	1.0	NonTarget	1	1440
5.75	1.0	Target	2	1472
5.875	1.0	NonTarget	1	1504
6.0	1.0	NonTarget	1	1536
6.125	1.0	Target	2	1568
6.25	1.0	NonTarget	1	1600
6.375	1.0	NonTarget	1	1632
6.5	1.0	NonTarget	1	1664
6.625	1.0	NonTarget	1	1696
6.75	1.0	Target	2	1728
6.875	1.0	NonTarget	1	1760
7.0	1.0	NonTarget	1	1792
7.125	1.0	NonTarget	1	1824
7.25	1.0	NonTarget	1	1856
7.375	1.0	NonTarget	1	1888
7.5	1.0	Target	2	1920
7.625	1.0	NonTarget	1	1952
7.75	1.0	NonTarget	1	1984
7.875	1.0	NonTarget	1	2016
8.0	1.0	NonTarget	1	2048
8.125	1.0	Target	2	2080
11.75	1.0	Target	2	3008
11.875	1.0	NonTarget	1	3040
12.0	1.0	NonTarget	1	3072
12.125	1.0	Target	2	3104
12.25	1.0	NonTarget	1	3136
12.375	1.0	NonTarget	1	3168
12.5	1.0	Target	2	3200
12.625	1.0	NonTarget	1	3232
12.75	1.0	NonTarget	1	3264
12.875	1.0	Target	2	3296
13.0	1.0	NonTarget	1	3328
13.125	1.0	NonTarget	1	3360
13.25	1.0	NonTarget	1	3392
13.375	1.0	NonTarget	1	3424
13.5	1.0	NonTarget	1	3456
13.625	1.0	Target	2	3488
13.75	1.0	NonTarget	1	3520
13.875	1.0	NonTarget	1	3552
14.0	1.0	NonTarget	1	3584
14.125	1.0	Target	2	3616
14.25	1.0	NonTarget	1	3648
14.375	1.0	NonTarget	1	3680
18.0	1.0	NonTarget	1	4608
18.125	1.0	Target	2	4640
18.25	1.0	NonTarget	1	4672
18.375	1.0	NonTarget	1	4704
18.5	1.0	NonTarget	1	4736
18.625	1.0	Target	2	4768
18.75	1.0	NonTarget	1	4800
18.875	1.0	NonTarget	1	4832
19.0	1.0	NonTarget	1	4864
19.125	1.0	NonTarget	1	4896
19.25	1.0	NonTarget	1	4928
19.375	1.0	Target	2	4960
19.5	1.0	NonTarget	1	4992
19.625	1.0	NonTarget	1	5024
19.75	1.0	NonTarget	1	5056
19.875	1.0	Target	2	5088
20.0	1.0	NonTarget	1	5120
20.125	1.0	NonTarget	1	5152
20.25	1.0	Target	2	5184
20.375	1.0	NonTarget	1	5216
20.5	1.0	NonTarget	1	5248
20.625	1.0	NonTarget	1	5280
20.75	1.0	NonTarget	1	5312
20.875	1.0	Target	2	5344
21.0	1.0	NonTarget	1	5376
21.125	1.0	Target	2	5408
21.25	1.0	NonTarget	1	5440
21.375	1.0	NonTarget	1	5472
25.0	1.0	Target	2	6400
25.125	1.0	NonTarget	1	6432
25.25	1.0	NonTarget	1	6464
25.375	1.0	NonTarget	1	6496
25.5	1.0	Target	2	6528
25.625	1.0	NonTarget	1	6560
25.75	1.0	NonTarget	1	6592
25.875	1.0	Target	2	6624
26.0	1.0	NonTarget	1	6656
26.125	1.0	NonTarget	1	6688
26.25	1.0	NonTarget	1	6720
26.375	1.0	NonTarget	1	6752
26.5	1.0	NonTarget	1	6784
26.625	1.0	Target	2	6816
26.75	1.0	NonTarget	1	6848
26.875	1.0	NonTarget	1	6880
27.0	1.0	Target	2	6912
27.125	1.0	NonTarget	1	6944
27.25	1.0	NonTarget	1	6976
27.375	1.0	NonTarget	1	7008
27.5	1.0	Target	2	7040
27.625	1.0	NonTarget	1	7072
27.75	1.0	NonTarget	1	7104
27.875	1.0	NonTarget	1	7136
28.0	1.0	NonTarget	1	7168
28.125	1.0	NonTarget	1	7200
28.25	1.0	NonTarget	1	7232
28.375	1.0	NonTarget	1	7264
28.5	1.0	NonTarget	1	7296
28.625	1.0	Target	2	7328
28.75	1.0	NonTarget	1	7360
28.875	1.0	NonTarget	1	7392
29.0	1.0	NonTarget	1	7424
29.125	1.0	Target	2	7456
29.25	1.0	NonTarget	1	7488
29.375	1.0	NonTarget	1	7520
29.5	1.0	Target	2	7552
29.625	1.0	NonTarget	1	7584
29.75	1.0	NonTarget	1	7616
29.875	1.0	Target	2	7648
30.0	1.0	NonTarget	1	7680
30.125	1.0	NonTarget	1	7712
30.25	1.0	Target	2	7744
30.375	1.0	NonTarget	1	7776
30.5	1.0	NonTarget	1	7808
30.625	1.0	NonTarget	1	7840
30.75	1.0	Target	2	7872
30.875	1.0	NonTarget	1	7904
31.0	1.0	NonTarget	1	7936
31.125	1.0	NonTarget	1	7968
31.25	1.0	NonTarget	1	8000
31.375	1.0	NonTarget	1	8032
31.5	1.0	Target	2	8064
31.625	1.0	NonTarget	1	8096
31.75	1.0	NonTarget	1	8128
31.875	1.0	NonTarget	1	8160
32.0	1.0	NonTarget	1	8192
32.125	1.0	Target	2	8224
32.25	1.0	NonTarget	1	8256
32.375	1.0	NonTarget	1	8288
32.5	1.0	Target	2	8320
32.625	1.0	NonTarget	1	8352
32.75	1.0	NonTarget	1	8384
32.875	1.0	NonTarget	1	8416
33.0	1.0	Target	2	8448
33.125	1.0	NonTarget	1	8480
33.25	1.0	NonTarget	1	8512
33.375	1.0	NonTarget	1	8544
33.5	1.0	Target	2	8576
33.625	1.0	NonTarget	1	8608
33.75	1.0	NonTarget	1	8640
33.875	1.0	Target	2	8672
34.0	1.0	NonTarget	1	8704
34.125	1.0	Target	2	8736
34.25	1.0	NonTarget	1	8768
34.375	1.0	NonTarget	1	8800
34.5	1.0	NonTarget	1	8832
34.625	1.0	Target	2	8864
34.75	1.0	NonTarget	1	8896
34.875	1.0	NonTarget	1	8928
35.0	1.0	Target	2	8960
35.125	1.0	NonTarget	1	8992
35.25	1.0	NonTarget	1	9024
35.375	1.0	Target	2	9056
35.5	1.0	NonTarget	1	9088
35.625	1.0	NonTarget	1	9120
35.75	1.0	Target	2	9152
35.875	1.0	NonTarget	1	9184
36.0	1.0	NonTarget	1	9216
36.125	1.0	NonTarget	1	9248
36.25	1.0	NonTarget	1	9280
36.375	1.0	Target	2	9312
36.5	1.0	NonTarget	1	9344
36.625	1.0	NonTarget	1	9376
36.75	1.0	NonTarget	1	9408
36.875	1.0	NonTarget	1	9440
37.0	1.0	NonTarget	1	9472
37.125	1.0	Target	2	9504
37.25	1.0	NonTarget	1	9536
37.375	1.0	NonTarget	1	9568
37.5	1.0	NonTarget	1	9600
37.625	1.0	Target	2	9632
37.75	1.0	NonTarget	1	9664
37.875	1.0	NonTarget	1	9696
38.0	1.0	NonTarget	1	9728
38.125	1.0	NonTarget	1	9760
38.25	1.0	Target	2	9792
38.375	1.0	NonTarget	1	9824
38.5	1.0	NonTarget	1	9856
38.625	1.0	NonTarget	1	9888
38.75	1.0	Target	2	9920
42.375	1.0	NonTarget	1	10848
42.5	1.0	NonTarget	1	10880
42.625	1.0	Target	2	10912
42.75	1.0	NonTarget	1	10944
42.875	1.0	NonTarget	1	10976
43.0	1.0	Target	2	11008
43.125	1.0	NonTarget	1	11040
43.25	1.0	NonTarget	1	11072
43.375	1.0	Target	2	11104
43.5	1.0	NonTarget	1	11136
43.625	1.0	NonTarget	1	11168
43.75	1.0	Target	2	11200
43.875	1.0	NonTarget	1	11232
44.0	1.0	NonTarget	1	11264
44.125	1.0	NonTarget	1	11296
44.25	1.0	Target	2	11328
44.375	1.0	NonTarget	1	11360
44.5	1.0	NonTarget	1	11392
44.625	1.0	NonTarget	1	11424
44.75	1.0	NonTarget	1	11456
44.875	1.0	NonTarget	1	11488
45.0	1.0	Target	2	11520
45.125	1.0	NonTarget	1	11552
45.25	1.0	NonTarget	1	11584
45.375	1.0	Target	2	11616
45.5	1.0	NonTarget	1	11648
45.625	1.0	NonTarget	1	11680
45.75	1.0	NonTarget	1	11712
45.875	1.0	NonTarget	1	11744
46.0	1.0	Target	2	11776
46.125	1.0	NonTarget	1	11808
46.25	1.0	NonTarget	1	11840
46.375	1.0	NonTarget	1	11872
46.5	1.0	Target	2	11904
46.625	1.0	NonTarget	1	11936
46.75	1.0	NonTarget	1	11968
50.375	1.0	NonTarget	1	12896
50.5	1.0	NonTarget	1	12928
50.625	1.0	NonTarget	1	12960
50.75	1.0	NonTarget	1	12992
50.875	1.0	Target	2	13024
51.0	1.0	NonTarget	1	13056
51.125	1.0	NonTarget	1	13088
51.25	1.0	NonTarget	1	13120
51.375	1.0	NonTarget	1	13152
51.5	1.0	Target	2	13184
51.625	1.0	NonTarget	1	13216
51.75	1.0	NonTarget	1	13248
51.875	1.0	Target	2	13280
52.0	1.0	NonTarget	1	13312
52.125	1.0	NonTarget	1	13344
52.25	1.0	NonTarget	1	13376
52.375	1.0	Target	2	13408
52.5	1.0	NonTarget	1	13440
52.625	1.0	NonTarget	1	13472
52.75	1.0	NonTarget	1	13504
52.875	1.0	Target	2	13536
53.0	1.0	NonTarget	1	13568
53.125	1.0	NonTarget	1	13600
53.25	1.0	Target	2	13632
53.375	1.0	NonTarget	1	13664
53.5	1.0	Target	2	13696
53.625	1.0	NonTarget	1	13728
53.75	1.0	NonTarget	1	13760
53.875	1.0	NonTarget	1	13792
54.0	1.0	Target	2	13824
54.125	1.0	NonTarget	1	13856
54.25	1.0	NonTarget	1	13888
54.375	1.0	NonTarget	1	13920
54.5	1.0	Target	2	13952
54.625	1.0	NonTarget	1	13984
54.75	1.0	NonTarget	1	14016
54.875	1.0	Target	2	14048
55.0	1.0	NonTarget	1	14080
55.125	1.0	NonTarget	1	14112
55.25	1.0	NonTarget	1	14144
55.375	1.0	Target	2	14176
55.5	1.0	NonTarget	1	14208
55.625	1.0	NonTarget	1	14240
55.75	1.0	Target	2	14272
55.875	1.0	NonTarget	1	14304
56.0	1.0	NonTarget	1	14336
56.125	1.0	NonTarget	1	14368
56.25	1.0	NonTarget	1	14400
